{"devicePlatform":"","logFolder":"F:\\katalon\\SSE_Airtricity\\Reports\\TestSuite\\20190427_081118","runData":{"hostName":"sai - 192.168.0.3","hostAddress":"192.168.0.3","os":"Windows 8.1 64bit","katalonVersion":"5.6.0.1"},"type":"TEST_SUITE","name":"TestSuite","id":"Test Suites/TestSuite","source":"","message":"Test Cases/GenericTestCaseForDemo FAILED because (of) Variable \u0027testApp\u0027 is not defined for test case.","description":"","startTime":1556332888095,"endTime":1556332890107,"childRecords":[{"isOptional":false,"type":"TEST_CASE","name":"Test Cases/GenericTestCaseForDemo","id":"Test Cases/GenericTestCaseForDemo","source":"F:\\\\katalon\\\\SSE_Airtricity\\\\Test Cases\\\\GenericTestCaseForDemo.tc","message":"Test Cases/GenericTestCaseForDemo FAILED because (of) Variable \u0027testApp\u0027 is not defined for test case.","description":"GenericTestCaseForDemo","startTime":1556332889133,"endTime":1556332889879,"childRecords":[{"testStatus":{"stackTrace":"","statusValue":"INFO"},"type":"MESSAGE","name":"","message":"Evaluating variables for test case","startTime":1556332889182,"endTime":0,"childRecords":[],"interuppted":false},{"index":1,"isIgnoredIfFailed":false,"type":"TEST_STEP","name":"browser.SignIn.Login","message":"No such property: testApp for class: internal.GlobalVariable","description":"","startTime":1556332889785,"endTime":1556332889849,"childRecords":[{"testStatus":{"stackTrace":"","statusValue":"ERROR"},"type":"MESSAGE","name":"","message":"No such property: testApp for class: internal.GlobalVariable","startTime":1556332889841,"endTime":0,"childRecords":[],"interuppted":false}],"interuppted":false},{"testStatus":{"stackTrace":"","statusValue":"ERROR"},"type":"MESSAGE","name":"","message":"Test Cases/GenericTestCaseForDemo FAILED because (of) Variable \u0027testApp\u0027 is not defined for test case.","startTime":1556332889874,"endTime":0,"childRecords":[],"interuppted":false}],"interuppted":false}],"interuppted":false}