Suite/Test/Step Name,Browser,Description,Start time,End time,Duration,Status
TestSuite,Chrome 70.0.3538.77,,2018-11-16 11:57:34,2018-11-16 12:00:32,2m - 58.031s,FAILED
,,,,,,
Test Cases/GenericTestCaseForDemo,Chrome 70.0.3538.77,GenericTestCaseForDemo,2018-11-16 11:57:34,2018-11-16 12:00:31,2m - 57.000s,FAILED
browser.SignIn.Login,Chrome 70.0.3538.77,,2018-11-16 11:57:35,2018-11-16 11:59:30,1m - 55.092s,PASSED
actionLibrary.SeleniumActions.clickElement,Chrome 70.0.3538.77,,2018-11-16 11:59:30,2018-11-16 12:00:01,31.363s,FAILED
actionLibrary.SeleniumActions.clickElement,Chrome 70.0.3538.77,,2018-11-16 12:00:01,2018-11-16 12:00:01,0.076s,FAILED
actionLibrary.SeleniumActions.clickElement,Chrome 70.0.3538.77,,2018-11-16 12:00:01,2018-11-16 12:00:31,30.223s,PASSED
