{"devicePlatform":"","logFolder":"C:\\Users\\E004306\\Katalon Studio\\SSE_Airtricity\\Reports\\TestSuite\\20181116_115732","runData":{"hostName":"E004306 - CTLINDT-0804.cignitiglobal.com","os":"Windows 7 64bit","katalonVersion":"5.6.0.1","browser":"Chrome 70.0.3538.77","hostAddress":"10.62.65.196","sessionId":"03fd220cf51345880f63b3471a44cb6b","seleniumVersion":"3.7.1","proxyInformation":"ProxyInformation{proxyOption\u003dNO_PROXY, proxyServerType\u003dHTTP, password\u003d, proxyServerAddress\u003d, proxyServerPort\u003d0}","platform":"Windows 7"},"type":"TEST_SUITE","name":"TestSuite","id":"Test Suites/TestSuite","source":"","message":"Test Cases/GenericTestCaseForDemo FAILED because (of) Fail to click on element","description":"","startTime":1542349654658,"endTime":1542349832689,"childRecords":[{"isOptional":false,"type":"TEST_CASE","name":"Test Cases/GenericTestCaseForDemo","id":"Test Cases/GenericTestCaseForDemo","source":"C:\\\\Users\\\\E004306\\\\Katalon Studio\\\\SSE_Airtricity\\\\Test Cases\\\\GenericTestCaseForDemo.tc","message":"Test Cases/GenericTestCaseForDemo FAILED because (of) Fail to click on element","description":"GenericTestCaseForDemo","startTime":1542349654918,"endTime":1542349831918,"childRecords":[{"testStatus":{"stackTrace":"","statusValue":"INFO"},"type":"MESSAGE","name":"","message":"Evaluating variables for test case","startTime":1542349654934,"endTime":0,"childRecords":[],"interuppted":false},{"index":1,"isIgnoredIfFailed":false,"type":"TEST_STEP","name":"browser.SignIn.Login","message":"browser.SignIn.Login is PASSED","description":"","startTime":1542349655156,"endTime":1542349770248,"childRecords":[{"testStatus":{"stackTrace":"","statusValue":"PASSED"},"type":"MESSAGE","name":"","message":"Browser is opened with url: \u0027https://www.sseairtricity.com/\u0027","startTime":1542349767081,"endTime":0,"childRecords":[],"interuppted":false},{"testStatus":{"stackTrace":"","statusValue":"PASSED"},"type":"MESSAGE","name":"","message":"Delayed 2 second(s)","startTime":1542349769115,"endTime":0,"childRecords":[],"interuppted":false},{"testStatus":{"stackTrace":"","statusValue":"PASSED"},"type":"MESSAGE","name":"","message":"Current window maximized","startTime":1542349770247,"endTime":0,"childRecords":[],"interuppted":false},{"testStatus":{"stackTrace":"","statusValue":"PASSED"},"type":"MESSAGE","name":"","message":"browser.SignIn.Login is PASSED","startTime":1542349770248,"endTime":0,"childRecords":[],"interuppted":false}],"interuppted":false},{"index":2,"isIgnoredIfFailed":false,"type":"TEST_STEP","name":"actionLibrary.SeleniumActions.clickElement","message":"Fail to click on element","description":"","startTime":1542349770249,"endTime":1542349801612,"childRecords":[{"testStatus":{"stackTrace":"","statusValue":"FAILED"},"type":"MESSAGE","name":"","message":"Fail to click on element","startTime":1542349801610,"endTime":0,"childRecords":[],"interuppted":false}],"interuppted":false},{"index":3,"isIgnoredIfFailed":false,"type":"TEST_STEP","name":"actionLibrary.SeleniumActions.clickElement","message":"Fail to click on element","description":"","startTime":1542349801613,"endTime":1542349801689,"childRecords":[{"testStatus":{"stackTrace":"","statusValue":"FAILED"},"type":"MESSAGE","name":"","message":"Fail to click on element","startTime":1542349801689,"endTime":0,"childRecords":[],"interuppted":false}],"interuppted":false},{"index":4,"isIgnoredIfFailed":false,"type":"TEST_STEP","name":"actionLibrary.SeleniumActions.clickElement","message":"Element has been clicked","description":"","startTime":1542349801690,"endTime":1542349831913,"childRecords":[{"testStatus":{"stackTrace":"","statusValue":"PASSED"},"type":"MESSAGE","name":"","message":"Element has been clicked","startTime":1542349831912,"endTime":0,"childRecords":[],"interuppted":false}],"interuppted":false},{"testStatus":{"stackTrace":"","statusValue":"FAILED"},"type":"MESSAGE","name":"","message":"Test Cases/GenericTestCaseForDemo FAILED because (of) Fail to click on element","startTime":1542349831915,"endTime":0,"childRecords":[],"interuppted":false}],"interuppted":false}],"interuppted":false}